{"cameraMode":{"drawMode":0,"name":"Shaded","section":"Shading Mode"},"sceneLighting":true,"audioPlay":false,"sceneViewState":{"m_AlwaysRefresh":false,"showFog":true,"showSkybox":true,"showFlares":true,"showImageEffects":true,"showParticleSystems":true,"showVisualEffectGraphs":true,"m_FxEnabled":true},"in2DMode":false,"pivot":{"x":-0.08455128222703934,"y":5.367785453796387,"z":-10.348968505859375},"rotation":{"x":-0.6768945455551148,"y":0.03021983616054058,"z":-0.027834860607981683,"w":-0.7349366545677185},"size":2.4216136932373049,"orthographic":false}